<?xml version="1.0" encoding="utf-8" standalone="no"?><vector xmlns:android="http://schemas.android.com/apk/res/android" android:height="24dp" android:viewportHeight="24" android:viewportWidth="24" android:width="24dp">
	<path android:fillAlpha="0.13" android:fillColor="#000000" android:fillType="evenOdd" android:pathData="M16.364,7.608L18.326,5.646C16.706,4.026 14.465,3.027 11.999,3.027L11.999,3.027L11.999,5.808C13.7,5.808 15.248,6.492 16.364,7.608Z" android:strokeAlpha="0.13" android:strokeColor="#00000000" android:strokeWidth="1"/>
	<path android:fillAlpha="0.25" android:fillColor="#000000" android:fillType="evenOdd" android:pathData="M18.164,11.973L20.945,11.973C20.945,9.507 19.946,7.266 18.326,5.646L16.364,7.608C17.48,8.733 18.164,10.272 18.164,11.973Z" android:strokeAlpha="0.25" android:strokeColor="#00000000" android:strokeWidth="1"/>
	<path android:fillColor="#000000" android:fillType="evenOdd" android:pathData="M11.999,5.808L11.999,3.027C9.533,3.027 7.292,4.035 5.672,5.646L7.634,7.608C8.75,6.492 10.298,5.808 11.999,5.808Z" android:strokeColor="#00000000" android:strokeWidth="1"/>
	<path android:fillAlpha="0.875" android:fillColor="#000000" android:fillType="evenOdd" android:pathData="M7.634,7.608L5.672,5.646C4.052,7.266 3.053,9.507 3.053,11.973L5.834,11.973C5.834,10.272 6.518,8.733 7.634,7.608Z" android:strokeAlpha="0.875" android:strokeColor="#00000000" android:strokeWidth="1"/>
	<path android:fillAlpha="0.5" android:fillColor="#000000" android:fillType="evenOdd" android:pathData="M11.999,18.138L11.999,20.919L11.999,20.919C14.465,20.919 16.697,19.911 18.326,18.3L16.364,16.338C15.248,17.454 13.7,18.138 11.999,18.138Z" android:strokeAlpha="0.5" android:strokeColor="#00000000" android:strokeWidth="1"/>
	<path android:fillAlpha="0.38" android:fillColor="#000000" android:fillType="evenOdd" android:pathData="M18.164,11.973L18.164,11.973C18.164,13.674 17.471,15.222 16.355,16.338L18.317,18.3C19.937,16.68 20.936,14.448 20.936,11.973L18.164,11.973Z" android:strokeAlpha="0.38" android:strokeColor="#00000000" android:strokeWidth="1"/>
	<path android:fillAlpha="0.63" android:fillColor="#000000" android:fillType="evenOdd" android:pathData="M7.634,16.338L5.672,18.3C7.292,19.92 9.524,20.919 11.999,20.919L11.999,18.138C10.298,18.138 8.75,17.454 7.634,16.338Z" android:strokeAlpha="0.63" android:strokeColor="#00000000" android:strokeWidth="1"/>
	<path android:fillAlpha="0.75" android:fillColor="#000000" android:fillType="evenOdd" android:pathData="M5.834,11.973L5.834,11.973L3.053,11.973C3.053,14.439 4.052,16.68 5.672,18.3L7.634,16.338C6.518,15.222 5.834,13.674 5.834,11.973Z" android:strokeAlpha="0.75" android:strokeColor="#00000000" android:strokeWidth="1"/>
</vector>