<?xml version="1.0" encoding="utf-8" standalone="no"?><vector xmlns:android="http://schemas.android.com/apk/res/android" android:height="24dp" android:viewportHeight="66" android:viewportWidth="66" android:width="24dp">
    <path android:fillColor="#ffdcdddd" android:pathData="M33,33m-4,0a4,4 0,1 1,8 0a4,4 0,1 1,-8 0"/>
    <path android:fillColor="#000000" android:pathData="M33,33m-3.5,0a3.5,3.5 0,1 1,7 0a3.5,3.5 0,1 1,-7 0"/>
    <path android:fillColor="#ffdcdddd" android:pathData="M33,15.9m-4,0a4,4 0,1 1,8 0a4,4 0,1 1,-8 0"/>
    <path android:fillColor="#000000" android:pathData="M33,15.9m-3.5,0a3.5,3.5 0,1 1,7 0a3.5,3.5 0,1 1,-7 0"/>
    <path android:fillColor="#ffdcdddd" android:pathData="M33,50.1m-4,0a4,4 0,1 1,8 0a4,4 0,1 1,-8 0"/>
    <path android:fillColor="#000000" android:pathData="M33,50.1m-3.5,0a3.5,3.5 0,1 1,7 0a3.5,3.5 0,1 1,-7 0"/>
    <path android:fillColor="#ffdcdddd" android:pathData="M50.9,33m-4,0a4,4 0,1 1,8 0a4,4 0,1 1,-8 0"/>
    <path android:fillColor="#000000" android:pathData="M50.9,33m-3.5,0a3.5,3.5 0,1 1,7 0a3.5,3.5 0,1 1,-7 0"/>
    <path android:fillColor="#ffdcdddd" android:pathData="M50.9,15.9m-4,0a4,4 0,1 1,8 0a4,4 0,1 1,-8 0"/>
    <path android:fillColor="#000000" android:pathData="M50.9,15.9m-3.5,0a3.5,3.5 0,1 1,7 0a3.5,3.5 0,1 1,-7 0"/>
    <path android:fillColor="#ffdcdddd" android:pathData="M50.9,50.1m-4,0a4,4 0,1 1,8 0a4,4 0,1 1,-8 0"/>
    <path android:fillColor="#000000" android:pathData="M50.9,50.1m-3.5,0a3.5,3.5 0,1 1,7 0a3.5,3.5 0,1 1,-7 0"/>
    <path android:fillColor="#ffdcdddd" android:pathData="M15.1,33m-4,0a4,4 0,1 1,8 0a4,4 0,1 1,-8 0"/>
    <path android:fillColor="#000000" android:pathData="M15.1,33m-3.5,0a3.5,3.5 0,1 1,7 0a3.5,3.5 0,1 1,-7 0"/>
    <path android:fillColor="#ffdcdddd" android:pathData="M15.1,15.9m-4,0a4,4 0,1 1,8 0a4,4 0,1 1,-8 0"/>
    <path android:fillColor="#000000" android:pathData="M15.1,15.9m-3.5,0a3.5,3.5 0,1 1,7 0a3.5,3.5 0,1 1,-7 0"/>
    <path android:fillColor="#ffdcdddd" android:pathData="M15.1,50.1m-4,0a4,4 0,1 1,8 0a4,4 0,1 1,-8 0"/>
    <path android:fillColor="#000000" android:pathData="M15.1,50.1m-3.5,0a3.5,3.5 0,1 1,7 0a3.5,3.5 0,1 1,-7 0"/>
</vector>